<?xml version="1.0" encoding="UTF-8"?>
<document>
<type>mainstream</type>
<forum>http://www.championat.com/xml/rss.xml</forum>
<forum_title>Чемпионат.com  (новости)</forum_title>
<discussion_title>Уорд: фанаты сплотили «Сан-Хосе», это дало определённый толчок</discussion_title>
<language>russian</language>
<gmt_offset></gmt_offset>
<topic_url>http://www.championat.com/hockey/news-2462064-uord-fanaty-splotili-san-hose-eto-dalo-opredeljonnyj-tolchok.html</topic_url>
<topic_text>
Хоккей 13 мая 2016, пятница. 10:42 Уорд: фанаты сплотили «Сан-Хосе», это дало определённый толчок Нападающий «Сан-Хосе Шаркс» Джоэл Уорд прокомментировал выход своей команды в финал Западной конференции. «Приятно, когда твои действия помогают команде одержать победу. Мы были разочарованы после поражения в предыдущем матче. Но хорошо, что решающая встреча состоялась на нашем льду. Фанаты сплотили «Сан-Хосе». Это дало нам определённый толчок», — цитирует игрока официальный сайт НХЛ.
</topic_text>
<spam_score>0.00</spam_score>
<post_num>1</post_num>
<post_id>post-1</post_id>
<post_url>http://www.championat.com/hockey/news-2462064-uord-fanaty-splotili-san-hose-eto-dalo-opredeljonnyj-tolchok.html</post_url>
<post_date>20160513</post_date>
<post_time>0742</post_time>
<username></username>
<post>
Хоккей 13 мая 2016, пятница. 10:42 Уорд: фанаты сплотили «Сан-Хосе», это дало определённый толчок Нападающий «Сан-Хосе Шаркс» Джоэл Уорд прокомментировал выход своей команды в финал Западной конференции. «Приятно, когда твои действия помогают команде одержать победу. Мы были разочарованы после поражения в предыдущем матче. Но хорошо, что решающая встреча состоялась на нашем льду. Фанаты сплотили «Сан-Хосе». Это дало нам определённый толчок», — цитирует игрока официальный сайт НХЛ.
</post>
<signature>

</signature>
<external_links>

</external_links>
<country>RU</country>
<main_image>https://img.championat.com/news2/social/d/97/2462064.jpg</main_image>
</document>
