<?xml version="1.0" encoding="UTF-8"?>
<document>
<type>mainstream</type>
<forum>http://bladna.co.il/?mod=cat&amp;ID=1</forum>
<forum_title>اخبار بلدنا - موقع بلدنا</forum_title>
<discussion_title>عسفيا ...محاولة أخرى لتمرير الميزانية تغيب الاعضاء ووجيه يفشل من جديد !</discussion_title>
<language>arabic</language>
<gmt_offset></gmt_offset>
<topic_url>http://bladna.co.il/?mod=articles&amp;ID=12879</topic_url>
<topic_text>
موقع بلدنا
عسفيا ...محاولة أخرى لتمرير الميزانية، تغيب الاعضاء ووجيه يفشل من جديد ! ماذا تنتظر وزارة الداخلية؟!
مسرحية التمديدات لم تجد وجيه كيوف ويوسف مشلب نفعا! والأعضاء مصرون على عدم تمرير الميزانية التي من شانها ان تدخل مجمع المياه وعقوبات على المواطن!
وزارة الداخلية لبلدنا: &quot;لجنة التحقيق لم تنه عملها بعد&quot;!
 ومسرحية التمديدات وميزانية وجيه كيوف تستمر، حيث رفض غالبية اعضاء مجلس عسفيا المشاركة في الجلسة التي اقيمت يوم امس والتي حاول من خلالها وجيه كيوف تمرير الميزانية لكنه كالمعتاد فشل، فقد وصل الى المجلس المحلي في ظل حراسة شخصية، لكن هذه الحراسة لم تجديه ايضا نفعا! كما كان متوقع لم يصل 7 من الاعضاء الى جلسة المجلس المحلي اللذين سئموا سياسة المراوغة ومحاولة المسؤولين في وزارة الداخلية باحضار الميزانية مرارا وتكرارا بدون طرح اقتراحات عملية لاخراج عسفيا من هذا الوحل.
على ما يبدو ان وزارة الداخلية بتأشيرة من حاكم اللواء تحاول استنفاذ جميع الإمكانيات القانونية لإنقاذ مجلس وجيه كيوف فهذه المرة جاءت بعدما أعطي وجيه محاولة أخيرة لتمرير الميزانية مع نهاية شهر أبريل الماضي . اليوم أيضا لم يستطيع وجيه تمريرها ماذا سيفعل بعد يوسف مشلب واعوانه.
قبل اسبوع وصلنا رد مكتب وزارة الداخلية وجاء ما يلي:
&quot; لقد حصل المجلس المحلي في عسفيا على فترة اضافية بهدف تمرير ميزانية 2016 وذلك وفق بند 34 لقانون المجالس المحلية ووفق توصيات القائم مقام وبالنسبة لوضع البلدة لم تنه لجنة التحقيق عملها بعد&quot;.
</topic_text>
<spam_score>0.00</spam_score>
<post_num>32</post_num>
<post_id>post-32</post_id>
<post_url>http://bladna.co.il/?mod=articles&amp;ID=12879</post_url>
<post_date>20160508</post_date>
<post_time></post_time>
<username>למספר 28</username>
<post>
מסכים איתך שטועמה צריךלהתרחק מוגיה כי הוא נשאר לו החיל האחרון והיותר גרוע שהוא לא מצביע כפי שהוא מאמין ביום שהוא יעזוב אותו ויהיה גבר שטובת הכפר חשובה לו אז וגיה יסיים את סרט האימה שלו טועמה לא צריך שיהיה חלק בהרס הכפר כי הוא באמת אדם טוב ואינו מתאים לעברינות הזו ואני אומר לו אל תעמוד עם וגיה נגד כל הכפר אתה פשוט לא חושב על מה שאתה עושה אם 7 או 8 חברי מעוצה מתנגדים וזאת בשם 90 אחוז מהכפר למה אתה עדין מפחד??? תתפטר בכבוד
</post>
<signature>

</signature>
<external_links>

</external_links>
<country>IL</country>
<main_image>http://bladna.co.il/Public//image/0DSC_7480.jpg</main_image>
</document>
